{
    "parent": "item/handheld",
    "textures": {
        "layer0": "item/gold_shovel_01"
    },
    "overrides": [
        {
            "predicate": {
                "damaged": 1,
                "damage": 0.5
            },
            "model": "item/gold_shovel/gold_shovel_02"
        },
        {
            "predicate": {
                "damaged": 1,
                "damage": 0.75
            },
            "model": "item/gold_shovel/gold_shovel_03"
        },
        {
            "predicate": {
                "damaged": 1,
                "damage": 0.95
            },
            "model": "item/gold_shovel/gold_shovel_04"
        }
    ]
}