{
    "parent": "item/handheld",
    "textures": {
        "layer0": "item/gold_hoe_01"
    },
    "overrides": [
        {
            "predicate": {
                "damaged": 1,
                "damage": 0.5
            },
            "model": "item/gold_hoe/gold_hoe_02"
        },
        {
            "predicate": {
                "damaged": 1,
                "damage": 0.75
            },
            "model": "item/gold_hoe/gold_hoe_03"
        },
        {
            "predicate": {
                "damaged": 1,
                "damage": 0.95
            },
            "model": "item/gold_hoe/gold_hoe_04"
        }
    ]
}