{
    "parent": "item/handheld",
    "textures": {
        "layer0": "item/stone_hoe"
    },
    "overrides": [
        {
            "predicate": {
                "damaged": 1,
                "damage": 0.5
            },
            "model": "item/stone_hoe/stone_hoe_02"
        },
        {
            "predicate": {
                "damaged": 1,
                "damage": 0.75
            },
            "model": "item/stone_hoe/stone_hoe_03"
        },
        {
            "predicate": {
                "damaged": 1,
                "damage": 0.95
            },
            "model": "item/stone_hoe/stone_hoe_04"
        }
    ]
}